Challenge,Design question,Promising directions,Early work / examples
End-to-end scalability and tooling,"Ordering, Integration","Sparse graph-aware scanning, efficient serialization, graph partitioning; packed variable-length scans with state resets at graph boundaries, fused bidirectional and multi-order scans, portable reference implementations",GSSC; GraphSSM; PackMamba (sequence domain); SSD kernels (sequence domain)
Serialization and permutation,"Ordering, Coupling","Learnable ordering, permutation-equivariant SSM operators, multi-order scans, topology-conditioned state transitions",Graph-Mamba; GMN; GSSC; GrassNet
Robustness and distribution shift,Ordering,"Serializer-aware attacks and certified defenses, order-sensitivity metrics (eq:order-sensitivity), order-consistency regularization, evaluation on graph OOD benchmarks",DG-Mamba; DyG-Mamba (spectral-norm constraints)
Expressive power,"Tokenization, Coupling","Expressivity under canonical or expected orderings, state-dimension and depth bounds for graph tasks, isolating the roles of selectivity and of PE/SE",GSSC; GMN; CCMamba; Graph sequence models
Dynamic and complex graphs,"Tokenization, Ordering","Adaptive state transitions, type-aware state updates, temporal structural conditioning, rank-aware representations",GraphSSM; DyGMamba; HeteGraph-Mamba; TopoMamba; CCMamba
Interpretability,"Coupling, Integration","Retention-based node relevance maps validated by perturbation tests, stability of explanations across orderings, component-level explanations covering the local and gating branches",Hidden-attention view of Mamba; FuzzMamba; ExPath
"Self-supervision, pre-training, and foundation models","Tokenization, Ordering","Graph-specific pretext tasks suited to causal and bidirectional scans, transferable serializers and substructure tokenizers, cross-graph comparable encodings, size and length generalization, scaling studies",DG-Mamba; Mamba-GTC; GLADMamba; Transfer-Mamba
Hybrid attention–SSM and SSD backbones,"Coupling, Integration","Sparse or coarsened attention interleaved with SSM layers, graph-aware structured masks in the SSD form (eq:ssd-graph), non-causal SSD for unordered nodes, controlled Mamba vs. Mamba-2 comparisons",GSM++; MapsTSF; Jamba (outside graphs); VSSD (outside graphs)
Cross-modal graph modeling,Integration,"Cross-modal state conditioning, graph-token alignment, multimodal selective fusion",M3-HGMA; BrainMamba
