Model,BibTeX key,Year,Venue,Role,Category,Link
GraphS4mer,tang2023modeling,2023,"Conference on Health, Inference, and Learning",application,Neural and physiological signals,NR
Aghaee et al.,aghaee2024graph,2024,IFAC-PapersOnLine,application,"Clinical, biological, and molecular data",NR
Brain-GM,wang2024learning,2024,2024 IEEE International Conference on Bioinformatics and Biomedicine (BIBM),application,Neural and physiological signals,NR
BrainMamba,behrouz2024brain,2024,CHIL,application,Neural and physiological signals,NR
DyGMamba,ding2024dygmamba,2024,arXiv preprint arXiv:2408.04713,taxonomy,Dynamic and Spatio-Temporal Graph Models,https://arxiv.org/abs/2408.04713
GGVMamba,zhou2024efficient,2024,International Conference on Medical Image Computing and Computer-Assisted Intervention,application,Medical imaging,NR
GM-UNet,zhang2024gm,2024,"2024 5th International Seminar on Artificial Intelligence, Networking and Information Technology (AINIT)",application,Medical imaging,NR
GMN,behrouz2024graph,2024,Proceedings of the 30th ACM SIGKDD Conference on Knowledge Discovery and Data Mining,taxonomy,Static and General-Purpose Graph Models,NR
Graph-Mamba,wang2024graph,2024,arXiv preprint arXiv:2402.00789,taxonomy,Static and General-Purpose Graph Models,https://arxiv.org/abs/2402.00789
GraphMamba (HSI),yang2024graphmamba,2024,IEEE Transactions on Geoscience and Remote Sensing,application,Remote sensing,NR
GraphSSM,li2024state,2024,Advances in Neural Information Processing Systems,taxonomy,Dynamic and Spatio-Temporal Graph Models,NR
GSM++,behrouz2024best,2024,arXiv preprint arXiv:2411.15671,discussed,Discussed in Sec. 7,https://arxiv.org/abs/2411.15671
GSSC,huang2024can,2024,arXiv preprint arXiv:2406.05815,taxonomy,Static and General-Purpose Graph Models,https://arxiv.org/abs/2406.05815
GSSM,zhou2024graph,2024,2024 IEEE Wireless Communications and Networking Conference (WCNC),taxonomy,Dynamic and Spatio-Temporal Graph Models,NR
Hamba,dong2024hamba,2024,Advances in Neural Information Processing Systems,application,Articulated and human motion,NR
HeteGraph-Mamba,pan2024hetegraph,2024,arXiv preprint arXiv:2405.13915,taxonomy,Heterogeneous and Higher-Order Graph Models,https://arxiv.org/abs/2405.13915
MGDTA,han2024innovative,2024,Microchemical Journal,application,"Clinical, biological, and molecular data",NR
MGSSM-SAKI,xu2024identifying,2024,Artificial Intelligence and Data Science for Healthcare: Bridging Data-Centric AI and People-Centric Healthcare,application,"Clinical, biological, and molecular data",NR
SpoT-Mamba,choi2024spot,2024,arXiv preprint arXiv:2406.11244,taxonomy,Dynamic and Spatio-Temporal Graph Models,https://arxiv.org/abs/2406.11244
STG-Mamba,li2024stg,2024,arXiv preprint arXiv:2403.12418,taxonomy,Dynamic and Spatio-Temporal Graph Models,https://arxiv.org/abs/2403.12418
CGAM,qu2025cgam,2025,Biomedical Signal Processing and Control,application,Histopathology,NR
DG-Mamba,yuan2025dg,2025,Proceedings of the AAAI Conference on Artificial Intelligence,taxonomy,Dynamic and Spatio-Temporal Graph Models,NR
GAT–Mamba,ding2024combining,2025,Scientific Reports,application,Histopathology,NR
GLADMamba,fu2025gladmamba,2025,Joint European Conference on Machine Learning and Knowledge Discovery in Databases,taxonomy,Static and General-Purpose Graph Models,NR
GraphMamba (tok.),ahmad2025graphmamba,2025,IEEE Transactions on Emerging Topics in Computing,application,Remote sensing,NR
GraphMamba (WSI),zheng2025graphmamba,2025,Pattern Recognition,application,Histopathology,NR
HGM,zhu2025hybrid,2025,International Conference on Medical Image Computing and Computer-Assisted Intervention,application,Medical imaging,NR
IDS–GraphMamba,atitallah2025ids,2025,Computer Networks,application,Cybersecurity and intrusion detection,NR
Mamba-GTC,Meng2026Mamba-GTC,2025,Knowledge-Based Systems,taxonomy,Heterogeneous and Higher-Order Graph Models,NR
MambaForGCN,lawan2024mambaforgcn,2025,Proceedings of the 31st international conference on computational linguistics,application,Language and semantic modeling,NR
MapsTSF,wang2025mapstsf,2025,The Journal of Supercomputing,discussed,Discussed in Sec. 7,NR
MbaGCN,he2025mamba,2025,Proceedings of the Thirty-Fourth International Joint Conference on Artificial Intelligence (IJCAI),taxonomy,Static and General-Purpose Graph Models,https://doi.org/10.24963/ijcai.2025/595
MGF-GCN,zhao2025mgf,2025,Information Fusion,application,Remote sensing,NR
MKHCNet,lu2025mamba,2025,Journal of biomedical informatics,application,"Clinical, biological, and molecular data",NR
PS-Mamba,dong2025ps,2025,2025 IEEE/CVF International Conference on Computer Vision (ICCV),taxonomy,Dynamic and Spatio-Temporal Graph Models,NR
SAMBA,mehrabian2024mamba,2025,"ICASSP 2025-2025 IEEE International Conference on Acoustics, Speech and Signal Processing (ICASSP)",application,Financial forecasting,NR
STMAGRN,zhang2025spatio,2025,IEEE Transactions on Artificial Intelligence,taxonomy,Dynamic and Spatio-Temporal Graph Models,NR
Tang et al.,tang2025spatial,2025,IEEE transactions on pattern analysis and machine intelligence,application,Articulated and human motion,NR
TGMN,chu2025tgmn,2025,IEEE Transactions on Neural Networks and Learning Systems,application,Remote sensing,NR
TopoMamba,montagna2024topological,2025,2025 International Joint Conference on Neural Networks (IJCNN),taxonomy,Heterogeneous and Higher-Order Graph Models,NR
Transfer-Mamba,cheng2025transfer,2025,Simulation Modelling Practice and Theory,discussed,Discussed in Sec. 7,NR
Brain Network Mamba,zhang2026brainnetworkmamba,2026,"Machine Learning in Medical Imaging: 16th International Workshop, MLMI 2025, Held in Conjunction with MICCAI 2025, Daejeon, South Korea, September 23, 2025, Proceedings",application,Neural and physiological signals,https://doi.org/10.1007/978-3-032-09513-8_22
CCMamba,chen2026ccmamba,2026,arXiv preprint arXiv:2601.20518,taxonomy,Heterogeneous and Higher-Order Graph Models,https://arxiv.org/abs/2601.20518
DMbaGCN,he2026dual,2026,Proceedings of the AAAI Conference on Artificial Intelligence,taxonomy,Static and General-Purpose Graph Models,NR
DyG-Mamba,li2024dyg,2026,Advances in Neural Information Processing Systems,taxonomy,Dynamic and Spatio-Temporal Graph Models,NR
ExPath,kotoge2026expath,2026,Proceedings of the AAAI Conference on Artificial Intelligence,application,"Clinical, biological, and molecular data",NR
FuzzMamba,chen2026modeling,2026,2026 IEEE International Conference on Fuzzy Systems (FUZZ-IEEE),taxonomy,Dynamic and Spatio-Temporal Graph Models,NR
GM-HAD,tang2026graph,2026,IEEE Journal of Selected Topics in Applied Earth Observations and Remote Sensing,application,Remote sensing,NR
GMMN,zhang2026graph,2026,Information Fusion,application,Medical imaging,NR
GrassNet,zhao2024grassnet,2026,Pattern Recognition,taxonomy,Static and General-Purpose Graph Models,NR
M3-HGMA,gubbala2026m3,2026,International Conference on Frontiers in Advanced Computing and Emerging Intelligent Technologies,discussed,Discussed in Sec. 7,NR
MGCM,cui2026mgcm,2026,Pattern Recognition,application,Histopathology,NR
MSGM,liu2026msgm,2026,Frontiers in Neuroscience,application,Neural and physiological signals,NR
Ren et al.,ren2026spatio,2026,Advanced Engineering Informatics,application,Industrial prognostics,NR
TopoMamSurv,chen2026graph,2026,arXiv preprint arXiv:2606.02602,application,Histopathology,https://arxiv.org/abs/2606.02602
