Data setting,DV,RT,GS,LG,Total,Precursors (†),Multimodal (◆)
Neural and physiological signals,0,4,0 (+1),1,5,1,0
"Clinical, biological, and molecular data",2 (+1),2,1,0,5,1,2
Histopathology,1,0,2,2,5,0,1
Medical imaging,0,0,1,3,4,0,0
Remote sensing,2,0,2,1,5,0,1
Articulated and human motion,0,1,1 (+1),0,2,0,0
Financial forecasting,0,1,0,0,1,0,0
Industrial prognostics,0,1,0,0,1,0,0
Cybersecurity and intrusion detection,0,1,0,0,1,0,0
Language and semantic modeling,1,0,0,0,1,0,0
Total,6 (+1),10,7 (+2),7,30,2,4
