Model,BVFC-MEG · Acc. (%),HCP-Mental · Acc. (%),HCP-Age · Acc. (%)
USAD,50.02 ± 1.13,73.49 ± 1.56,39.17 ± 1.68
GMM,53.04 ± 1.73,90.92 ± 1.83,47.75 ± 1.26
GraphMixer,53.12 ± 1.18,91.13 ± 1.44,48.32 ± 1.11
BrainNetCNN,50.12 ± 1.57,83.58 ± 1.68,42.26 ± 2.03
BrainGNN,51.08 ± 0.96,85.25 ± 2.17,43.08 ± 1.54
FBNetGen,50.94 ± 1.39,84.47 ± 1.88,42.83 ± 1.78
ADMIRE,54.87 ± 1.92,89.74 ± 1.93,47.82 ± 1.72
PTGB,55.11 ± 1.62,92.58 ± 1.31,48.41 ± 1.47
BNTransformer,55.17 ± 1.74,91.71 ± 1.48,47.94 ± 1.15
BrainMixer,62.58 ± 1.12,96.32 ± 0.29,57.83 ± 1.03
GraphS4mer,74.39 ± 0.92,82.30 ± 1.83,46.32 ± 1.09
BrainMamba,78.03 ± 1.69,96.57 ± 1.05,59.62 ± 1.71
