Model,Setting,Complexity,Efficiency evidence,Expressivity result,Benchmarks named,Numeric results,Limitations stated,Challenge link
GSSC,Static and General-Purpose,1,1,1,1,0,1,1
GMN,Static and General-Purpose,1,1,1,1,0,1,1
Graph-Mamba,Static and General-Purpose,1,1,0,1,0,1,1
GrassNet,Static and General-Purpose,0,0,0,0,0,0,1
MbaGCN,Static and General-Purpose,0,0,0,0,0,0,0
DMbaGCN,Static and General-Purpose,0,0,0,0,0,0,0
GLADMamba,Static and General-Purpose,0,0,0,0,0,1,1
GraphSSM,Dynamic and Spatio-Temporal,0,0,0,0,0,0,1
GSSM,Dynamic and Spatio-Temporal,0,0,0,0,0,0,0
DG-Mamba,Dynamic and Spatio-Temporal,0,0,0,0,0,1,1
DyGMamba,Dynamic and Spatio-Temporal,0,1,0,0,0,1,1
DyG-Mamba,Dynamic and Spatio-Temporal,0,0,0,0,0,1,1
STG-Mamba,Dynamic and Spatio-Temporal,0,0,0,1,1,1,0
SpoT-Mamba,Dynamic and Spatio-Temporal,0,0,0,0,0,0,0
PS-Mamba,Dynamic and Spatio-Temporal,0,0,0,0,0,0,0
FuzzMamba,Dynamic and Spatio-Temporal,0,0,0,0,0,0,1
STMAGRN,Dynamic and Spatio-Temporal,0,0,0,0,0,0,0
HeteGraph-Mamba,Heterogeneous and Higher-Order,0,0,0,0,0,0,1
Mamba-GTC,Heterogeneous and Higher-Order,0,0,0,0,0,1,1
TopoMamba,Heterogeneous and Higher-Order,0,0,0,0,0,0,1
CCMamba,Heterogeneous and Higher-Order,0,0,1,0,0,0,1
GSM++,Discussed (Sec. 7),0,0,1,0,0,0,1
MapsTSF,Discussed (Sec. 7),0,0,0,0,0,0,1
Transfer-Mamba,Discussed (Sec. 7),0,0,0,0,0,0,1
M3-HGMA,Discussed (Sec. 7),0,0,0,0,0,0,1
