Graph setting,Model,Year,Tokenization (D1),Ordering (D2),D3: Input,D3: Dynamics,D3: Operator,D4: Standalone,D4: Sequential,D4: Parallel,D4: Embedded
Static and General-Purpose Graph Models,GSSC,2024,Node features and graph positional information,Order-free,0,0,1,1,0,0,0
Static and General-Purpose Graph Models,GMN,2024,Neighborhood/subgraph tokens,"Ordered, bidirectional",1,0,0,0,0,1,0
Static and General-Purpose Graph Models,Graph-Mamba,2024,Node representations,Degree-based prioritization and permutation,1,0,0,0,0,1,0
Static and General-Purpose Graph Models,GrassNet,2026,Graph spectrum embeddings,"Frequency-ordered, bidirectional",0,0,1,1,0,0,0
Static and General-Purpose Graph Models,MbaGCN,2025,Neighborhood representations across layers,No explicit node serialization,0,1,0,0,0,0,1
Static and General-Purpose Graph Models,DMbaGCN,2026,Layer-wise node states and node sequence,Bidirectional global scan,0,1,0,0,0,1,1
Static and General-Purpose Graph Models,GLADMamba,2025,Multi-view graph representations,No central graph serialization,0,1,0,0,0,1,0
Dynamic and Spatio-Temporal Graph Models,GraphSSM,2024,Sequence of graph snapshots,Temporal snapshot order,0,0,1,1,0,0,0
Dynamic and Spatio-Temporal Graph Models,GSSM,2024,Base-station node time series,Temporal order,0,1,0,0,1,0,0
Dynamic and Spatio-Temporal Graph Models,DG-Mamba,2025,Successive dynamic graph states,Selective scan across graph snapshots,0,1,0,0,0,1,0
Dynamic and Spatio-Temporal Graph Models,DyGMamba,2024,Historical node interactions and temporal patterns,Chronological interaction order,1,0,0,1,0,0,0
Dynamic and Spatio-Temporal Graph Models,DyG-Mamba,2026,Timestamped interaction sequences,Irregular chronological event order,0,1,0,1,0,0,0
Dynamic and Spatio-Temporal Graph Models,STG-Mamba,2024,Graph-aware node time-series representations,Temporal processing across multiple granularities,0,1,0,0,0,1,0
Dynamic and Spatio-Temporal Graph Models,SpoT-Mamba,2024,Graph-derived neighborhood sequences,"BFS, DFS, random-walk, and temporal scanning",1,0,0,1,0,0,0
Dynamic and Spatio-Temporal Graph Models,PS-Mamba,2025,Human joints across pose sequences,Four graph-guided bidirectional spatial–temporal scans,1,0,0,0,0,1,0
Dynamic and Spatio-Temporal Graph Models,FuzzMamba,2026,Node-centric spatial neighborhoods with contextual features,Adaptive spatial ordering varying over time,0,1,0,1,0,0,0
Dynamic and Spatio-Temporal Graph Models,STMAGRN,2025,Traffic sequences and dynamic graph representations,Temporal sequence processing,1,0,0,0,1,0,0
Heterogeneous and Higher-Order Graph Models,HeteGraph-Mamba,2024,Metapath-based heterogeneous graph tokens,Hierarchical within-type and across-type processing,1,0,0,1,0,0,0
Heterogeneous and Higher-Order Graph Models,Mamba-GTC,2025,Multi-hop neighborhood tokens,Hop-evolution ordering,1,0,0,0,0,1,0
Heterogeneous and Higher-Order Graph Models,TopoMamba,2025,Incident simplices aggregated by rank,Rank-ordered sequence,1,0,0,1,0,0,0
Heterogeneous and Higher-Order Graph Models,CCMamba,2026,Multi-rank incidence representations,Rank- and incidence-aware linearization,1,0,0,1,0,0,0
