key,model,title,authors,year,venue,doi,arxiv,url,code,roles,setting,d1_tokenization,d2_ordering,d3_coupling,d4_integration,domain,subdomain,task,graph_construction,dominant_pattern,secondary_pattern,patterns,precursor,multimodal,datasets,metrics,complexity,result_tables,challenges,manuscript_sections,verification_status
huang2024can,GSSC,What Can We Learn from State Space Models for Machine Learning on Graphs?,"Yinan Huang, Siqi Miao, Pan Li",2024,arXiv preprint arXiv:2406.05815,NR,https://arxiv.org/abs/2406.05815,NR,NR,taxonomy,static_general,Node features and graph positional information,Order-free,operator,standalone,NR,NR,NR,NR,NR,NR,NR,False,False,Peptides-func;Peptides-struct,AP;MAE,O(nmd) for the graph state-space convolution (n nodes; m hidden and d positional-encoding dimensions),NR,scalability;serialization;expressivity,3.2;4.1;4.2;4.3;6.4;7.2;7.7,extracted
behrouz2024graph,GMN,Graph mamba: Towards learning on graphs with state space models,"Ali Behrouz, Farnoosh Hashemi",2024,Proceedings of the 30th ACM SIGKDD Conference on Knowledge Discovery and Data Mining,NR,NR,NR,NR,taxonomy,static_general,Neighborhood/subgraph tokens,"Ordered, bidirectional",input,parallel,NR,NR,NR,NR,NR,NR,NR,False,False,Peptides-func;Peptides-struct,AP;MAE,"O(Ms(m+1)| V| + | E|) in the subgraph-token setting (M, s, m control sampling and token construction); linear in | V| with node tokens; O(| V| + | E|) with the optional message-passing component",NR,serialization;expressivity,3.2;4.1;4.2;4.3;6.4;7.1;7.2;7.7,extracted
wang2024graph,Graph-Mamba,Graph-mamba: Towards long-range graph sequence modeling with selective state spaces,"Chloe Wang, Oleksii Tsepa, Jun Ma, Bo Wang",2024,arXiv preprint arXiv:2402.00789,NR,https://arxiv.org/abs/2402.00789,NR,NR,taxonomy,static_general,Node representations,Degree-based prioritization and permutation,input,parallel,NR,NR,NR,NR,NR,NR,NR,False,False,Peptides-func;Peptides-struct,AP;MAE,O(L) for the Graph-Mamba Block with respect to input sequence length L (hardware-aware Mamba implementation),NR,serialization,3.2;4.1;4.2;4.3;6.4;7.1;7.7,extracted
zhao2024grassnet,GrassNet,Grassnet: State space model meets graph neural network,"Gongpei Zhao, Tao Wang, Yi Jin, Congyan Lang, Yidong Li, Haibin Ling",2026,Pattern Recognition,NR,NR,NR,NR,taxonomy,static_general,Graph spectrum embeddings,"Frequency-ordered, bidirectional",operator,standalone,NR,NR,NR,NR,NR,NR,NR,False,False,NR,NR,NR,NR,serialization,3.2;7.1;7.7,extracted
he2025mamba,MbaGCN,Mamba-Based Graph Convolutional Networks: Tackling Over-Smoothing with Selective State Space,"Xin He, Yili Wang, Wenqi Fan, Xu Shen, Xin Juan, Rui Miao, Xin Wang",2025,Proceedings of the Thirty-Fourth International Joint Conference on Artificial Intelligence (IJCAI),https://doi.org/10.24963/ijcai.2025/595,NR,NR,NR,taxonomy,static_general,Neighborhood representations across layers,No explicit node serialization,dynamics,embedded,NR,NR,NR,NR,NR,NR,NR,False,False,NR,NR,NR,NR,NR,3.2,extracted
he2026dual,DMbaGCN,Dual Mamba for Node-Specific Representation Learning: Tackling Over-Smoothing with Selective State Space Modeling,"Xin He, Yili Wang, Yiwei Dai, Xin Wang",2026,Proceedings of the AAAI Conference on Artificial Intelligence,NR,NR,NR,NR,taxonomy,static_general,Layer-wise node states and node sequence,Bidirectional global scan,dynamics,parallel;embedded,NR,NR,NR,NR,NR,NR,NR,False,False,NR,NR,NR,NR,NR,3.2,extracted
fu2025gladmamba,GLADMamba,GLADMamba: Unsupervised Graph-Level Anomaly Detection Powered by Selective State Space Model,"Yali Fu, Jindong Li, Qi Wang, Qianli Xing",2025,Joint European Conference on Machine Learning and Knowledge Discovery in Databases,NR,NR,NR,NR,taxonomy,static_general,Multi-view graph representations,No central graph serialization,dynamics,parallel,NR,NR,NR,NR,NR,NR,NR,False,False,NR,NR,NR,NR,pretraining,3.2;7.5;7.7,extracted
li2024state,GraphSSM,State space models on temporal graphs: A first-principles study,"Jintang Li, Ruofan Wu, Xinzhou Jin, Boqun Ma, Liang Chen, Zibin Zheng",2024,Advances in Neural Information Processing Systems,NR,NR,NR,NR,taxonomy,dynamic_spatiotemporal,Sequence of graph snapshots,Temporal snapshot order,operator,standalone,NR,NR,NR,NR,NR,NR,NR,False,False,NR,NR,NR,NR,scalability;complex_graphs,3.3;7.3;7.7,extracted
zhou2024graph,GSSM,Graph Convolution Network Based State Space Model for Wireless Traffic Prediction,"Hao Zhou, Dunyuan Yao, Binbin Chen, Ke Yu, Xiaofei Wu",2024,2024 IEEE Wireless Communications and Networking Conference (WCNC),NR,NR,NR,NR,taxonomy,dynamic_spatiotemporal,Base-station node time series,Temporal order,dynamics,sequential,NR,NR,NR,NR,NR,NR,NR,True,False,NR,NR,NR,NR,NR,3.3,needs_verification
yuan2025dg,DG-Mamba,Dg-mamba: Robust and efficient dynamic graph structure learning with selective state space models,"Haonan Yuan, Qingyun Sun, Zhaonan Wang, Xingcheng Fu, Cheng Ji, Yongjian Wang, Bo Jin, Jianxin Li",2025,Proceedings of the AAAI Conference on Artificial Intelligence,NR,NR,NR,NR,taxonomy,dynamic_spatiotemporal,Successive dynamic graph states,Selective scan across graph snapshots,dynamics,parallel,NR,NR,NR,NR,NR,NR,NR,False,False,NR,NR,NR,NR,robustness;pretraining,3.3;7.1;7.3;7.5;7.7,extracted
ding2024dygmamba,DyGMamba,DyGMamba: Efficiently Modeling Long-Term Temporal Dependency on Continuous-Time Dynamic Graphs with State Space Models,"Zifeng Ding, Yifeng Li, Yuan He, Antonio Norelli, Jingcheng Wu, Volker Tresp, Yunpu Ma, Michael Bronstein",2024,arXiv preprint arXiv:2408.04713,NR,https://arxiv.org/abs/2408.04713,NR,NR,taxonomy,dynamic_spatiotemporal,Historical node interactions and temporal patterns,Chronological interaction order,input,standalone,NR,NR,NR,NR,NR,NR,NR,False,False,NR,NR,NR,NR,complex_graphs,3.3;4.2;4.3;6.4;7.7,extracted
li2024dyg,DyG-Mamba,Dyg-mamba: Continuous state space modeling on dynamic graphs,"Dongyuan Li, Shiyin Tan, Ying Zhang, Ming Jin, Shirui Pan, Manabu Okumura, Renhe Jiang",2026,Advances in Neural Information Processing Systems,NR,NR,NR,NR,taxonomy,dynamic_spatiotemporal,Timestamped interaction sequences,Irregular chronological event order,dynamics,standalone,NR,NR,NR,NR,NR,NR,NR,False,False,NR,NR,NR,NR,robustness,3.3;7.1;7.7,extracted
li2024stg,STG-Mamba,Stg-mamba: Spatial-temporal graph learning via selective state space model,"Lincan Li, Hanchen Wang, Wenjie Zhang, Adelle Coster",2024,arXiv preprint arXiv:2403.12418,NR,https://arxiv.org/abs/2403.12418,NR,NR,taxonomy,dynamic_spatiotemporal,Graph-aware node time-series representations,Temporal processing across multiple granularities,dynamics,parallel,NR,NR,NR,NR,NR,NR,NR,False,False,PeMS04;HZMetro;KnowAir,MAE;MAPE;RMSE,NR,perf_spatiotemporal,NR,3.3;6.2;6.3;7.3;A,needs_verification
choi2024spot,SpoT-Mamba,SpoT-Mamba: Learning Long-Range Dependency on Spatio-Temporal Graphs with Selective State Spaces,"Jinhyeok Choi, Heehyeon Kim, Minhyeong An, Joyce Jiyoung Whang",2024,arXiv preprint arXiv:2406.11244,NR,https://arxiv.org/abs/2406.11244,NR,NR,taxonomy,dynamic_spatiotemporal,Graph-derived neighborhood sequences,"BFS, DFS, random-walk, and temporal scanning",input,standalone,NR,NR,NR,NR,NR,NR,NR,False,False,NR,NR,NR,NR,NR,3.3;7.1;7.3,extracted
dong2025ps,PS-Mamba,PS-Mamba: Spatial-Temporal Graph Mamba for Pose Sequence Refinement,"Haoye Dong, Gim Hee Lee",2025,2025 IEEE/CVF International Conference on Computer Vision (ICCV),NR,NR,NR,NR,taxonomy,dynamic_spatiotemporal,Human joints across pose sequences,Four graph-guided bidirectional spatial--temporal scans,input,parallel,NR,NR,NR,NR,NR,NR,NR,False,False,NR,NR,NR,NR,NR,3.3,extracted
chen2026modeling,FuzzMamba,Modeling Spatiotemporal Dynamic Shifts for Traffic Cognition: A Fuzzy-based Graph-Mamba Approach,"Guojin Chen, Qingqin Liu, Jiyao An, Md Sohel Rana, Yuchen Huang, Zihang Yi",2026,2026 IEEE International Conference on Fuzzy Systems (FUZZ-IEEE),NR,NR,NR,NR,taxonomy,dynamic_spatiotemporal,Node-centric spatial neighborhoods with contextual features,Adaptive spatial ordering varying over time,dynamics,standalone,NR,NR,NR,NR,NR,NR,NR,False,False,NR,NR,NR,NR,interpretability,3.3;7.4;7.7,extracted
zhang2025spatio,STMAGRN,Spatio-temporal mamba dynamic graph convolutional recurrent network for traffic prediction,"Xiaoyan Zhang, Yongqin Zhang, Xiangfu Meng",2025,IEEE Transactions on Artificial Intelligence,NR,NR,NR,NR,taxonomy,dynamic_spatiotemporal,Traffic sequences and dynamic graph representations,Temporal sequence processing,input,sequential,NR,NR,NR,NR,NR,NR,NR,False,False,NR,NR,NR,NR,NR,3.3,extracted
pan2024hetegraph,HeteGraph-Mamba,HeteGraph-Mamba: Heterogeneous Graph Learning via Selective State Space Model,"Zhenyu Pan, Yoonsung Jeong, Xiaoda Liu, Han Liu",2024,arXiv preprint arXiv:2405.13915,NR,https://arxiv.org/abs/2405.13915,NR,NR,taxonomy,heterogeneous_higher_order,Metapath-based heterogeneous graph tokens,Hierarchical within-type and across-type processing,input,standalone,NR,NR,NR,NR,NR,NR,NR,False,False,NR,NR,NR,NR,complex_graphs,3.4;7.3;7.7,extracted
Meng2026Mamba-GTC,Mamba-GTC,Mamba-GTC: Cross-view contrastive learning with state space modeling for heterogeneous graph representation,"Fanchao Meng, Shuo Zhao, Zhongwen Guo, Yujun Lan, Bo Pang",2025,Knowledge-Based Systems,NR,NR,NR,NR,taxonomy,heterogeneous_higher_order,Multi-hop neighborhood tokens,Hop-evolution ordering,input,parallel,NR,NR,NR,NR,NR,NR,NR,False,False,NR,NR,NR,NR,pretraining,3.4;7.5;7.7,extracted
montagna2024topological,TopoMamba,Topological deep learning with state-space models: A mamba approach for simplicial complexes,"Marco Montagna, Simone Scardapane, Lev Telyatnikov",2025,2025 International Joint Conference on Neural Networks (IJCNN),NR,NR,NR,NR,taxonomy,heterogeneous_higher_order,Incident simplices aggregated by rank,Rank-ordered sequence,input,standalone,NR,NR,NR,NR,NR,NR,NR,False,False,NR,NR,NR,NR,complex_graphs,3.4;7.3;7.7,extracted
chen2026ccmamba,CCMamba,CCMamba: Topologically-Informed Selective State-Space Networks on Combinatorial Complexes for Higher-Order Graph Learning,"Jiawen Chen, Qi Shao, Mingtong Zhou, Duxin Chen, Wenwu Yu",2026,arXiv preprint arXiv:2601.20518,NR,https://arxiv.org/abs/2601.20518,NR,NR,taxonomy,heterogeneous_higher_order,Multi-rank incidence representations,Rank- and incidence-aware linearization,input,standalone,NR,NR,NR,NR,NR,NR,NR,False,False,NR,NR,NR,NR,expressivity;complex_graphs,3.4;7.2;7.3;7.7,extracted
tang2023modeling,GraphS4mer,Modeling multivariate biosignals with graph neural networks and structured state space models,"Siyi Tang, Jared A Dunnmon, Qu Liangqiong, Khaled K Saab, Tina Baykaner, Christopher Lee-Messer, Daniel L Rubin",2023,"Conference on Health, Inference, and Learning",NR,NR,NR,NR,application,NR,NR,NR,NR,NR,healthcare,neural_signals,"Seizure, sleep, ECG classification",Physiological channels; dynamically learned edges,RT,NR,RT,True,False,BVFC-MEG;HCP-Mental;HCP-Age,Accuracy,NR,perf_brain,NR,5.1;6.2;6.3;A,extracted
behrouz2024brain,BrainMamba,Brain-Mamba: Encoding Brain Activity via Selective State Space Models.,"Ali Behrouz, Farnoosh Hashemi",2024,CHIL,NR,NR,NR,NR,application,NR,NR,NR,NR,NR,healthcare,neural_signals,Brain encoding; attention-deficit/hyperactivity disorder and seizure detection,Brain-unit tokens and multivariate time series,RT,GS,RT;GS,False,False,BVFC-MEG;HCP-Mental;HCP-Age,Accuracy,NR,perf_brain,crossmodal,5.1;6.2;6.3;7.7;A,extracted
wang2024learning,Brain-GM,Learning dynamic brain network representation based on graph mamba architecture,"Jingjie Wang, Jinwei Lang, Li-Zhuang Yang, Hai Li",2024,2024 IEEE International Conference on Bioinformatics and Biomedicine (BIBM),NR,NR,NR,NR,application,NR,NR,NR,NR,NR,healthcare,neural_signals,Brain decoding and disease classification,Dynamic brain networks,RT,NR,RT,False,False,NR,NR,NR,NR,NR,5.1,extracted
zhang2026brainnetworkmamba,Brain Network Mamba,Brain Network Mamba: A Bi-Directional State-Space Model for Brain Network Analysis on rs-fMRI,"Li Zhang, Shuo Huang, Di Ma, Daoqiang Zhang, Li Zhang",2026,"Machine Learning in Medical Imaging: 16th International Workshop, MLMI 2025, Held in Conjunction with MICCAI 2025, Daejeon, South Korea, September 23, 2025, Proceedings",https://doi.org/10.1007/978-3-032-09513-8_22,NR,NR,NR,application,NR,NR,NR,NR,NR,healthcare,neural_signals,Resting-state fMRI analysis,Functional brain networks,LG,NR,LG,False,False,NR,NR,NR,NR,NR,5.1,extracted
liu2026msgm,MSGM,Msgm: A multi-scale spatiotemporal graph mamba for eeg emotion recognition,"Hanwen Liu, Yifeng Gong, Zuwei Yan, Zeheng Zhuang, Jiaxuan Lu",2026,Frontiers in Neuroscience,NR,NR,NR,NR,application,NR,NR,NR,NR,NR,healthcare,neural_signals,EEG emotion recognition,Local--global brain graphs,RT,NR,RT,False,False,NR,NR,NR,NR,NR,5.1,extracted
xu2024identifying,MGSSM-SAKI,Identifying Subphenotypes for Sepsis with Acute Kidney Injury via Multimodal Graph State Space Models,"Haowei Xu, Tongyue Shi, Wentie Liu, Huiying Zhao, Guilan Kong",2024,Artificial Intelligence and Data Science for Healthcare: Bridging Data-Centric AI and People-Centric Healthcare,NR,NR,NR,NR,application,NR,NR,NR,NR,NR,healthcare,clinical_molecular,Sepsis-AKI subphenotyping,Adaptive graph from multimodal clinical variables,RT,DV,DV;RT,False,False,NR,NR,NR,NR,NR,5.1,extracted
aghaee2024graph,Aghaee et al.,Graph Neural Network Representation of State Space Models of Metabolic Pathways,"Mohammad Aghaee, Stephane Krau, Melih Tamer, Hector Budman",2024,IFAC-PapersOnLine,NR,NR,NR,NR,application,NR,NR,NR,NR,NR,healthcare,clinical_molecular,Metabolic-pathway modeling,Metabolic-pathway graphs,RT,NR,RT,True,False,NR,NR,NR,NR,NR,5.1,extracted
kotoge2026expath,ExPath,Targeted pathway inference for biological knowledge bases via graph learning and explanation,"Rikuto Kotoge, Ziwei Yang, Zheng Chen, Yushun Dong, Yasuko Matsubara, Jimeng Sun, Yasushi Sakurai",2026,Proceedings of the AAAI Conference on Artificial Intelligence,NR,NR,NR,NR,application,NR,NR,NR,NR,NR,healthcare,clinical_molecular,Pathway inference and explanation,Molecular network and sampled pathway sequences,GS,NR,GS,False,False,NR,NR,NR,NR,interpretability,5.1;7.4;7.7,extracted
han2024innovative,MGDTA,Innovative Mamba and graph transformer framework for superior protein-ligand affinity prediction,"Kaitai Han, Chaojing Shi, Zijun Wang, Wu Liu, Zhenxing Li, Zhenghui Wang, Lixin Lei, Ruoyan Dai, Mengqiu Wang, Zhiwei Zhang, et al.",2024,Microchemical Journal,NR,NR,NR,NR,application,NR,NR,NR,NR,NR,healthcare,clinical_molecular,Drug--target affinity prediction,Drug graph and protein sequence,DV,NR,DV,False,True,NR,NR,NR,NR,NR,5.1,extracted
lu2025mamba,MKHCNet,Mamba-enhanced disease semantic knowledge graph for interpretable automatic ICD coding,"Pengli Lu, Chao Dong, Jingjin Xue, Fentang Gao",2025,Journal of biomedical informatics,NR,NR,NR,NR,application,NR,NR,NR,NR,NR,healthcare,clinical_molecular,Automatic ICD coding,Disease knowledge graph linked to ICD labels,DV,NR,DV,False,True,NR,NR,NR,NR,NR,5.1,extracted
ding2024combining,GAT--Mamba,Combining graph neural network and Mamba to capture local and global tissue spatial relationships in whole slide images,"Ruiwen Ding, Kha-Dinh Luong, Erika Rodriguez, Ana Cristina Araujo Lemos Da Silva, William Hsu",2025,Scientific Reports,NR,NR,NR,NR,application,NR,NR,NR,NR,NR,healthcare,histopathology,Lung-cancer survival prediction,WSI tissue-region graph,LG,NR,LG,False,False,NR,NR,NR,NR,NR,5.1,extracted
zheng2025graphmamba,GraphMamba (WSI),GraphMamba: Whole slide image classification meets graph-driven selective state space model,"Tingting Zheng, Hongxun Yao, Sicheng Zhao, Kui Jiang, Yi Xiao",2025,Pattern Recognition,NR,NR,NR,NR,application,NR,NR,NR,NR,NR,healthcare,histopathology,WSI classification,Multi-level instance/group graphs,GS,NR,GS,False,False,NR,NR,NR,NR,NR,5.1,extracted
cui2026mgcm,MGCM,MGCM: Multi-modal graph convolutional mamba for cancer survival prediction,"Jiaqi Cui, Yilun Li, Dinggang Shen, Yan Wang",2026,Pattern Recognition,NR,NR,NR,NR,application,NR,NR,NR,NR,NR,healthcare,histopathology,Multimodal cancer survival prediction,Transcriptomic and pathology graphs,DV,NR,DV,False,True,NR,NR,NR,NR,NR,5.1,extracted
chen2026graph,TopoMamSurv,Graph Mamba Survival Analysis Based on Topology-Aware ordering,"Yuanfang Chen, Peiqiang Yan, Yuntao Shou, Qian Zhao, Xiangyong Cao",2026,arXiv preprint arXiv:2606.02602,NR,https://arxiv.org/abs/2606.02602,NR,NR,application,NR,NR,NR,NR,NR,healthcare,histopathology,WSI survival analysis,Topology-aware WSI graph,GS,NR,GS,False,False,NR,NR,NR,NR,NR,5.1,extracted
qu2025cgam,CGAM,CGAM: An end-to-end causality graph attention Mamba network for esophageal pathology grading,"Yingbo Qu, Xiangli Zhou, Pan Huang, Yanan Liu, Francesco Mercaldo, Antonella Santone, Peng Feng",2025,Biomedical Signal Processing and Control,NR,NR,NR,NR,application,NR,NR,NR,NR,NR,healthcare,histopathology,Esophageal pathology grading,Tumor and microenvironment graph,LG,NR,LG,False,False,NR,NR,NR,NR,NR,5.1,extracted
zhang2024gm,GM-UNet,GM-UNet: Graph Mamba UNet for Medical Image Segmentation,"Chengcheng Zhang, Yihao He, Wei Li, Jiajia Zhang, Xiaohui Cui",2024,"2024 5th International Seminar on Artificial Intelligence, Networking and Information Technology (AINIT)",NR,NR,NR,NR,application,NR,NR,NR,NR,NR,healthcare,medical_imaging,Image segmentation,Dynamic feature graph within U-Net,LG,NR,LG,False,False,NR,NR,NR,NR,NR,5.1,extracted
zhou2024efficient,GGVMamba,Efficient and Gender-Adaptive Graph Vision Mamba for Pediatric Bone Age Assessment,"Lingyu Zhou, Zhang Yi, Kai Zhou, Xiuyuan Xu",2024,International Conference on Medical Image Computing and Computer-Assisted Intervention,NR,NR,NR,NR,application,NR,NR,NR,NR,NR,healthcare,medical_imaging,Bone-age assessment,Gender-adaptive inter-region graph,GS,NR,GS,False,False,NR,NR,NR,NR,NR,5.1,extracted
zhu2025hybrid,HGM,Hybrid graph mamba: Unlocking non-euclidean potential for accurate polyp segmentation,"Yueyue Zhu, Haolin Lv, Geng Chen, Zhonghao Zhang, Haotian Jiang, Yong Xia",2025,International Conference on Medical Image Computing and Computer-Assisted Intervention,NR,NR,NR,NR,application,NR,NR,NR,NR,NR,healthcare,medical_imaging,Polyp segmentation,Graph over image regions,LG,NR,LG,False,False,NR,NR,NR,NR,NR,5.1,extracted
zhang2026graph,GMMN,Graph mapping mamba network for automated macular edema diagnosis from fundus images,"Yiming Zhang, Hongqing Zhu, Tianwei Qian, Ning Chen, Xun Xu, Bingcang Huang",2026,Information Fusion,NR,NR,NR,NR,application,NR,NR,NR,NR,NR,healthcare,medical_imaging,Macular edema diagnosis,Graph over fundus representations,LG,NR,LG,False,False,NR,NR,NR,NR,NR,5.1,extracted
yang2024graphmamba,GraphMamba (HSI),GraphMamba: An efficient graph structure learning vision mamba for hyperspectral image classification,"Aitao Yang, Min Li, Yao Ding, Leyuan Fang, Yaoming Cai, Yujie He",2024,IEEE Transactions on Geoscience and Remote Sensing,NR,NR,NR,NR,application,NR,NR,NR,NR,NR,remote_visual,remote_sensing,Hyperspectral classification,Spatial neighborhoods and spectral representations,DV,NR,DV,False,False,Indian Pines;Salinas;UH2013,AA;Kappa;OA,NR,perf_hsi,NR,5.2;6.2;6.3;A,extracted
zhao2025mgf,MGF-GCN,MGF-GCN: Multimodal interaction Mamba-aided graph convolutional fusion network for semantic segmentation of remote sensing images,"Yanfeng Zhao, Linwei Qiu, Zhenjian Yang, Yadong Chen, Yunjie Zhang",2025,Information Fusion,NR,NR,NR,NR,application,NR,NR,NR,NR,NR,remote_visual,remote_sensing,Multimodal remote-sensing segmentation,Height-aware multimodal graph,DV,NR,DV,False,True,NR,NR,NR,NR,NR,5.2,extracted
ahmad2025graphmamba,GraphMamba (tok.),Graphmamba: Graph tokenization mamba for hyperspectral image classification,"Muhammad Ahmad, Manuel Mazzara, Salvatore Distefano, Adil Mehmood Khan, Muhammad Hassaan Farooq Butt, Muhammad Usama, Danfeng Hong",2025,IEEE Transactions on Emerging Topics in Computing,NR,NR,NR,NR,application,NR,NR,NR,NR,NR,remote_visual,remote_sensing,Hyperspectral classification,Graph-guided spectral--spatial tokens,GS,NR,GS,False,False,NR,NR,NR,NR,NR,5.2,extracted
chu2025tgmn,TGMN,TGMN: Two-stage graph convolutional mamba network for hyperspectral image classification,"Yonghe Chu, Jun Cao, Junshi Xia, Weiping Ding",2025,IEEE Transactions on Neural Networks and Learning Systems,NR,NR,NR,NR,application,NR,NR,NR,NR,NR,remote_visual,remote_sensing,Hyperspectral classification,Superpixel subgraphs,LG,NR,LG,False,False,NR,NR,NR,NR,NR,5.2,extracted
tang2026graph,GM-HAD,Graph Mamba for Fast Hyperspectral Anomaly Detection,"Sida Tang, Le Sun, Zhuojun Xie, Ting Xie, Xudong Kang, Puhong Duan",2026,IEEE Journal of Selected Topics in Applied Earth Observations and Remote Sensing,NR,NR,NR,NR,application,NR,NR,NR,NR,NR,remote_visual,remote_sensing,Hyperspectral anomaly detection,Superpixel region-adjacency graph,GS,NR,GS,False,False,NR,NR,NR,NR,NR,5.2,extracted
dong2024hamba,Hamba,Hamba: Single-view 3D Hand Reconstruction with Graph-guided Bi-Scanning Mamba,"Haoye Dong, Aviral Chharia, Wenbo Gou, Francisco Vicente Carrasco, Fernando De la Torre",2024,Advances in Neural Information Processing Systems,NR,NR,NR,NR,application,NR,NR,NR,NR,NR,remote_visual,articulated_motion,3D hand reconstruction,Hand-joint graph,GS,NR,GS,False,False,NR,NR,NR,NR,NR,5.2;7.1,extracted
tang2025spatial,Tang et al.,Spatial-temporal graph mamba for music-guided dance video synthesis,"Hao Tang, Ling Shao, Zhenyu Zhang, Luc Van Gool, Nicu Sebe",2025,IEEE transactions on pattern analysis and machine intelligence,NR,NR,NR,NR,application,NR,NR,NR,NR,NR,remote_visual,articulated_motion,Music-guided dance synthesis,Dynamic human-skeleton graph,RT,GS,RT;GS,False,False,NR,NR,NR,NR,NR,5.2,extracted
mehrabian2024mamba,SAMBA,Mamba meets financial markets: A graph-mamba approach for stock price prediction,"Ali Mehrabian, Ehsan Hoseinzade, Mahdi Mazloum, Xiaohong Chen",2025,"ICASSP 2025-2025 IEEE International Conference on Acoustics, Speech and Signal Processing (ICASSP)",NR,NR,NR,NR,application,NR,NR,NR,NR,NR,other,financial,Stock-return forecasting,Adaptive inter-asset graph,RT,NR,RT,False,False,NASDAQ;NYSE;DJIA,RMSE;training time,NR,perf_financial,NR,5.3;6.2;6.3;A,extracted
ren2026spatio,Ren et al.,Spatio-temporal hypergraph-driven evolutionary graph-mamba method for remaining useful life prediction,"Yonglei Ren, Zong Meng, Kai Chen, Weiliang Sun, Haoze Chen",2026,Advanced Engineering Informatics,NR,NR,NR,NR,application,NR,NR,NR,NR,NR,other,industrial,Aero-engine remaining useful life (RUL) prediction,Spatio-temporal sensor hypergraph,RT,NR,RT,False,False,NR,NR,NR,NR,NR,5.3,extracted
atitallah2025ids,IDS--GraphMamba,IDS–GraphMamba: A Markov-Enhanced Graph Mamba Framework for Real-Time Intrusion Detection in IoMT Edge Networks,"Safa Ben Atitallah, Maha Driss, Wadii Boulila",2025,Computer Networks,NR,NR,NR,NR,application,NR,NR,NR,NR,NR,other,cybersecurity,IoMT intrusion detection,Flow transition graph,RT,NR,RT,False,False,NR,NR,NR,NR,NR,5.3,extracted
lawan2024mambaforgcn,MambaForGCN,Enhancing long-range dependency with state space model and Kolmogorov-Arnold networks for aspect-based sentiment analysis,"Adamu Lawan, Juhua Pu, Haruna Yunusa, Aliyu Umar, Muhammad Lawan",2025,Proceedings of the 31st international conference on computational linguistics,NR,NR,NR,NR,application,NR,NR,NR,NR,NR,other,language,Aspect-based sentiment analysis,Syntactic dependency graph,DV,NR,DV,False,False,Restaurant14;Laptop14;Twitter14,Accuracy;F1-score,NR,perf_absa,NR,5.3;6.2;6.3;A,extracted
behrouz2024best,GSM++,Best of both worlds: Advantages of hybrid graph sequence models,"Ali Behrouz, Ali Parviz, Mahdi Karami, Clayton Sanford, Bryan Perozzi, Vahab Mirrokni",2024,arXiv preprint arXiv:2411.15671,NR,https://arxiv.org/abs/2411.15671,NR,NR,discussed,NR,NR,NR,NR,NR,NR,NR,NR,NR,NR,NR,NR,False,False,NR,NR,NR,NR,expressivity;hybrid,7.2;7.6;7.7,needs_verification
wang2025mapstsf,MapsTSF,MapsTSF: efficient traffic prediction via hybrid Mamba 2-transformer spatiotemporal modeling and cross adaptive periodic sparse forecasting,"Bing Wang, Chaoqi Cai, Xingpeng Zhang, Chunlan Zhao, Chi Zhang, Youming Zhang",2025,The Journal of Supercomputing,NR,NR,NR,NR,discussed,NR,NR,NR,NR,NR,NR,NR,NR,NR,NR,NR,NR,False,False,NR,NR,NR,NR,hybrid,7.6;7.7,needs_verification
cheng2025transfer,Transfer-Mamba,Transfer-Mamba: Selective state space models with spatio-temporal knowledge transfer for few-shot traffic prediction across cities,"Shaokang Cheng, Shiru Qu, Junxi Zhang",2025,Simulation Modelling Practice and Theory,NR,NR,NR,NR,discussed,NR,NR,NR,NR,NR,NR,NR,NR,NR,NR,NR,NR,False,False,NR,NR,NR,NR,pretraining,7.5;7.7,needs_verification
gubbala2026m3,M3-HGMA,"M3-HGMA: A Multi-modal, Multi-agent Hierarchical Graph-Mamba Architecture for Explainable and Adaptive Clinical Intelligence",Somasekhar Gubbala,2026,International Conference on Frontiers in Advanced Computing and Emerging Intelligent Technologies,NR,NR,NR,NR,discussed,NR,NR,NR,NR,NR,NR,NR,NR,NR,NR,NR,NR,False,False,NR,NR,NR,NR,crossmodal,7.7,needs_verification
